{
    "title": "CSE 1111 - Introduction to Computer-Assisted Problem Solving\n",
    "description": "Problem solving techniques using productivity software; spreadsheets, formulas, conditional logic; relational databases, relational algebra; word processing; data presentation; graphics. Prereq: Not open to students with credit for 1112 (105), 1113 (101), or 200. GE quant reason math and logical anly course.\n",
    "credits": 3.0,
    "attributes": "Level 1 CCP course\n",
    "professors": null,
    "open_time": null,
    "average_size": null,
    "average_sections": null
}