{
    "title": "CSE 1223 - Introduction to Computer Programming in Java\n",
    "description": "Introduction to computer programming and to problem solving techniques using computer programs; programming lab experience. Prereq: Not open to students with credit for 201. This course is available for EM credit.\n",
    "credits": 3.0,
    "attributes": "Level 1 CCP course\n",
    "professors": "Shivam Modi,Xiang Li,Jeremy Morris,Kawthar Khorassani,Muhammad Javed,Indrajeet Saravanan,Yan Zhao,Daniel Breckenridge,Jeremy Grifski,Bharath Ramesh,Pravinth Vethanayagam,Soham Mukherjee,Jacob Bambeck,Ming Su,Saikat Majumdar,Yufan Xu \n",
    "open_time": "Spring 2019, Fall 2018, Spring 2018, Fall 2017\n",
    "average_size": 38,
    "average_sections": 31
}