{
    "title": "CSE 1113 - Spreadsheet Programming for Business\n",
    "description": "Spreadsheet modeling/programming concepts and techniques to solve business related problems; efficient/effective data handling, computational analysis and decision support.Prereq: Math 1130 (130) or above. Not open to students with credit for 1111 (101), 1112 (105), 2111, or 200.\n",
    "credits": 1.0,
    "attributes": "Level 1 CCP course\n",
    "professors": "Lori Rice,Michelle Mallon \n",
    "open_time": "Spring 2019, Fall 2018, Spring 2018, Fall 2017\n",
    "average_size": 40,
    "average_sections": 1
}