{
    "title": "CSE 1112 - Introduction to Computer-Assisted Problem Solving for Construction Systems Management\n",
    "description": "Using productivity software, especially spreadsheets and databases, to solve problems for construction management; relative/absolute cell referencing, logic, functions; relational databases, querying, project integration. Prereq: Not open to students with credit for 1111 (101), 1113, 105, or 200.\n",
    "credits": 3.0,
    "attributes": "Level 1 CCP course\n",
    "professors": "Dauntrica Rodgers \n",
    "open_time": "Spring 2019, Fall 2018, Spring 2018, Fall 2017\n",
    "average_size": 40,
    "average_sections": 2
}