{
    "title": "CSE 1114 - Introduction to Databases Using MS Access\n",
    "description": "Database concepts and techniques for efficient/effective data handling, computational analysis and decision support. Prereq: Not open to students with credit for 1111, 1112, or 2111.\n",
    "credits": 1.5,
    "attributes": "Level 1 CCP course\n",
    "professors": "Laurie Crawford,Catherine Mckinley \n",
    "open_time": "Spring 2019, Fall 2018, Spring 2018, Fall 2017\n",
    "average_size": 40,
    "average_sections": 2
}