{
    "title": "CSE 1222 - Introduction to Computer Programming in C++ for Engineers and Scientists\n",
    "description": "Introduction to computer programming and to problem solving techniques using computer programs with applications in engineering and the physical sciences; algorithm development; programming lab experience.Concur: Math 1151 or 1161. Not open to students with credit for 202, Engr 1281.01, or 1281.02. This course is available for EM credit. Cross-listed in Engr.\n",
    "credits": 3.0,
    "attributes": "Level 1 CCP course\n",
    "professors": "Nikhil Shandilya,Debanjan Adak,Venkata Tummala,Yuzhou Liu,Tai Pan,Mudit Saraf,Lucas Magee,Eduardo Gainza,Arunima Srivatava,Xingya Zhao,Devi Kumar,Hassan Taherian,Scott Lavigne,Pavani Komati,Sreeja Thoom,Xiang Li \n",
    "open_time": "Spring 2019, Fall 2018, Spring 2018, Fall 2017\n",
    "average_size": 40,
    "average_sections": 23
}