{
    "title": "CSE 1211 - Computational Thinking in Context: Images, Animation, and Games\n",
    "description": "Introduction to computational thinking, focusing on problem solving and programming concepts and skills needed to manipulate digital images and to create interactive graphics, animations, and games; creativity and imagination encouraged.Prereq: Not open to students with credit for 203 or 204.\n",
    "credits": 3.0,
    "attributes": "Level 1 CCP course\n",
    "professors": "Benjamin Strauss,Ko-Chih Wang \n",
    "open_time": "Fall 2018, Spring 2018, Fall 2017\n",
    "average_size": 40,
    "average_sections": 2
}