{
    "title": "CSE 2112 - Modeling and Problem Solving with Spreadsheets and Databases for Engineers\n",
    "description": "Spreadsheet and database modeling/programming concepts and techniques to solve business and engineering related problems; efficient/effective data handling, computational analysis and decision support.Prereq: 1222 (202), 1223 (201), Engr 1281.01H, or 1281.02H. Prereq or concur: Math 1151, 1161.01, or 1161.02. Not open to students with credit for 2111 (200), 1111 (101), 1112 (105), or 1113.\n",
    "credits": 3.0,
    "attributes": "Level 1 CCP course\n",
    "professors": "Avishek Banerjee,Michelle Mallon,Lori Rice \n",
    "open_time": "Spring 2019, Fall 2018, Spring 2018, Fall 2017\n",
    "average_size": 80,
    "average_sections": 2
}