{
    "title": "CSE 2133 - Business Programming with File Processing\n",
    "description": "Business data processing principles and programming: sequential file processing algorithms, sorting, data validation; COBOL is taught. Prereq: 2123 (214). Not open to students with credit for 314.\n",
    "credits": 3.0,
    "attributes": "Level 1 CCP course\n",
    "professors": "Stephen Gomori \n",
    "open_time": "Spring 2019, Fall 2018, Spring 2018, Fall 2017\n",
    "average_size": 38,
    "average_sections": 1
}