{
    "title": "CSE 2123 - Data Structures Using Java\n",
    "description": "Subroutines and modular programming; searching; basic data structures; recursion; introduction to sequential files. Prereq: 1223 (201). Not open to students with credit for 214.\n",
    "credits": 3.0,
    "attributes": "Level 1 CCP course\n",
    "professors": "Rupendra Mitra,Ahmad Aljanaideh,Tara Eicher,Yan Xu,Anant Chowdhary,Leon Madrid \n",
    "open_time": "Spring 2019, Fall 2018, Spring 2018, Fall 2017\n",
    "average_size": 40,
    "average_sections": 3
}