{
    "title": "CSE 2221 - Software I: Software Components\n",
    "description": "Intellectual foundations of software engineering; design-by-contract principles; mathematical modeling of software functionality; component-based software from client perspective; layered data representation. Prereq: 1211 (203) or 1212 or 1221 (205) or 1222 (202) or 1223 (201) or 204 or EnGraph 167 or Engr 1221, or 1281.01H, or 1281.02H, or CSE Placement Level A. Concur: Math 1151 or 1161.01 or 1161.02. Not open to students with credit for 4221, 321, 502, or 5022. This course is available for EM credit. Enrollment Requirements: See catalog description.\n",
    "credits": 4.0,
    "attributes": "Level 1 CCP course\n",
    "professors": "Paolo Bucci,Adam Grupa,Matthew Boggus,Bettina Bair,Robert Latour,Jackson Luken,Alan Weide,Swaroop Joshi,Benjamin Trevor,Austin Gilliam \n",
    "open_time": "Spring 2019, Fall 2018, Spring 2018, Fall 2017\n",
    "average_size": 40,
    "average_sections": 29
}