{
    "title": "CSE 2501 - Social, Ethical, and Professional Issues in Computing\n",
    "description": "Social, ethical, and professional issues facing computing professionals; ethical principles; discussion of case studies.Prereq: 2122, 2123, or 2231; and Gen Ed Writing: Level 2. Not open to students with credit for 5501.\n",
    "credits": 1.0,
    "attributes": "Level 1 CCP course\n",
    "professors": "Michelle Mallon,Bryan Weaver,William Martin,Lori Rice,Jeremy Johnston \n",
    "open_time": "Spring 2019, Fall 2018, Spring 2018, Fall 2017\n",
    "average_size": 30,
    "average_sections": 8
}