{
    "title": "CSE 2451 - Advanced C Programming\n",
    "description": "Advanced C features for students with significant programming experience in another language. Prereq: 2221 or 222. Concur: 2231 or 321. Not open to students with credit for 2421. Class Notes: This section of 2451 will also meet in the lab (DL280) some of the time as specified in class.\n",
    "credits": 2.0,
    "attributes": "Level 1 CCP course\n",
    "professors": "Gangyi Zhu,Kaan Genc \n",
    "open_time": "Spring 2019, Fall 2018, Spring 2018, Fall 2017\n",
    "average_size": 40,
    "average_sections": 1
}