{
    "title": "CSE 3430 - Overview of Computer Systems For Non-Majors\n",
    "description": "Introduction to computer architecture and organization at machine and assembly level; pointers and addressing using C programming; introduction to operating system concepts: process, memory management, file system and storage, and multi-threaded programming.Prereq: 2122 or 2123, and 2321. Not open to students with credit for 2421, 2431, 360, or 660. Not open to CSE/CIS majors.\n",
    "credits": 4.0,
    "attributes": "Level 1 CCP course\n",
    "professors": "George Green \n",
    "open_time": "Spring 2019, Fall 2018, Spring 2018, Fall 2017\n",
    "average_size": 40,
    "average_sections": 1
}