{
    "title": "CSE 3903 - Project: Design, Development, and Documentation of System Software\n",
    "description": "Intensive group project involving design, development, and documentation of system software including an assembler and a linking loader; communication skills emphasized; builds programming maturity.Prereq: 2231; and 2321; and 2421 or 3430, or 2451 and ECE 2560.\n",
    "credits": 4.0,
    "attributes": "Level 1 CCP course\n",
    "professors": "Paolo Sivilotti \n",
    "open_time": "Fall 2018, Fall 2017\n",
    "average_size": 30,
    "average_sections": 1
}