{
    "title": "CSE 3521 - Survey of Artificial Intelligence I: Basic Techniques\n",
    "description": "Survey of basic concepts and techniques in artificial intelligence, including problem solving, knowledge representation, and machine learning.Prereq: 2331, or 222 and Math 366, or Sr standing. Not open to students with credit for 5521 (630).\n",
    "credits": 3.0,
    "attributes": "Level 1 CCP course\n",
    "professors": "Joseph Barker,Prashant Serai,Peter Plantinga,Andrew Plummer,Adam Stiff,Denis Newman-Griffis,Jeremy Morris \n",
    "open_time": "Spring 2019, Fall 2018, Spring 2018, Fall 2017\n",
    "average_size": 40,
    "average_sections": 6
}