{
    "title": "CSE 3231 - Software Engineering Techniques\n",
    "description": "Software engineering issues, techniques, methodologies and technologies; software lifecycle activities: requirements analysis, architecture, design, testing, deployment, maintenance; project management; enterprise software systems; frameworks.Prereq: 3901 or 3902 or 3903. Not open to students with credit for 5231 (757).\n",
    "credits": 3.0,
    "attributes": "Level 1 CCP course\n",
    "professors": "Rajiv Ramnath,Alan Cline,Shaikh Hossain \n",
    "open_time": "Spring 2019, Fall 2018, Spring 2018, Fall 2017\n",
    "average_size": 40,
    "average_sections": 3
}