{
    "title": "CSE 3232 - Software Requirements Analysis\n",
    "description": "Information systems analysis; object-oriented analysis models and tools; use cases, system modeling using UML; requirements specification development; term project.Prereq: 3241 or 3901 or 3902 or 3903 (560) or 5241 (670). Not open to students with credit for 5232 (616).\n",
    "credits": 3.0,
    "attributes": "Level 1 CCP course\n",
    "professors": "Thomas Bihari,Rajiv Ramnath,Praveen Kumar,Khaled Jaber \n",
    "open_time": "Spring 2019, Fall 2018, Spring 2018, Fall 2017\n",
    "average_size": 40,
    "average_sections": 2
}