{
    "title": "CSE 3902 - Project: Design, Development, and Documentation of Interactive Systems\n",
    "description": "Intensive group project involving design, development, and documentation of an interactive software system, a 2D interactive game; communication skills emphasized; builds programming maturity.Prereq: 2231; and 2321; and 2421 or 3430, or 2451 and ECE 2560.\n",
    "credits": 4.0,
    "attributes": "Level 1 CCP course\n",
    "professors": "Scott Mills,Neil Kirby,Matthew Boggus \n",
    "open_time": "Spring 2019, Fall 2018, Spring 2018, Fall 2017\n",
    "average_size": 30,
    "average_sections": 3
}