{
    "title": "CSE 3321 - Automata and Formal Languages\n",
    "description": "Machine-based and grammatical models of computation; finite automata and regular languages, pushdown automata and context-free languages, Turing machines; non-determinism; Church's Thesis.Prereq: 2231 (321), and 2421 (360), and 2331 (Math 566), and Math 3345. Not open to students with credit for 5321 (625).\n",
    "credits": 3.0,
    "attributes": "Level 1 CCP course\n",
    "professors": "Doreen Close,Michael Fritz \n",
    "open_time": "Spring 2019, Fall 2018, Spring 2018, Fall 2017\n",
    "average_size": 40,
    "average_sections": 2
}