{
    "title": "CSE 3341 - Principles of Programming Languages\n",
    "description": "Formal languages and grammars; recursive descent parsing; data types, expressions, control structures, parameter passing; compilers and interpreters; memory management; functional programming principles.Prereq: 2231, 2331 (680), and 2421, and 3901 (560), 3902, or 3903. Not open to students with credit for 5341 (655).\n",
    "credits": 3.0,
    "attributes": "Level 1 CCP course\n",
    "professors": "Swaroop Joshi,Wayne Heym,Neelam Soundarajan,Michael Bond \n",
    "open_time": "Spring 2019, Fall 2018, Spring 2018, Fall 2017\n",
    "average_size": 40,
    "average_sections": 3
}