{
    "title": "CSE 3241 - Introduction to Database Systems\n",
    "description": "Database systems use, logical design, entity-relationship model, normalization, query languages and SQL, relational algebra and calculus, object relational databases, XML, active databases; database design project.Prereq: 2133 or 2231, and 2321. Not open to students with credit for 5241.\n",
    "credits": 3.0,
    "attributes": "Level 1 CCP course\n",
    "professors": "Lin Chiu,Leon Madrid,Jeffrey Eden,Neil Kirby,Parker Wiksell,Stephen Gomori,Perumal Krishnasamy,Richard Wagner,Arnab Nandi \n",
    "open_time": "Spring 2019, Fall 2018, Spring 2018, Fall 2017\n",
    "average_size": 40,
    "average_sections": 7
}