{
    "title": "CSE 4471 - Information Security\n",
    "description": "Introduction to security of digital information; threats and attacks; regulations; risk management; attack detection and response; cryptography; forensics; technical training and certifications.Prereq: 2231 and 2321, or 321. Not open to students with credit for 551.\n",
    "credits": 3.0,
    "attributes": "Level 1 CCP course\n",
    "professors": "Dong Xuan,Jeffrey Jones \n",
    "open_time": "Spring 2019, Fall 2018, Spring 2018, Fall 2017\n",
    "average_size": 40,
    "average_sections": 2
}