{
    "title": "CSE 4191 - Professional Practice in Industry\n",
    "description": "Preparation and submission of a comprehensive report based on actual employment experience in a co-op job in industry. Prereq: Permission of the CSE Advising Office. Repeatable to a maximum of 8 completions. This course is progress graded (S/U). Class Notes: Be sure to talk with the advising office (DL374) for permission to take this course.\n",
    "credits": null,
    "attributes": "Not eligible for College Credit Plus program\n",
    "professors": "Nikola Strader \n",
    "open_time": "Spring 2019, Fall 2018, Spring 2018, Fall 2017\n",
    "average_size": 55,
    "average_sections": 1
}