{
    "title": "CSE 4251 - The UNIX Programming Environment\n",
    "description": "Introduction to the UNIX programming environment including: shell programming (csh); regular expressions; makefiles; grep, sed, and awk programming languages.Prereq: 2231 or 321. Not open to students with credit for 459.11. This course is graded S/U.\n",
    "credits": 1.0,
    "attributes": "Not eligible for College Credit Plus program\n",
    "professors": "Sangeeta Kumari,Navnith Ramkrishnan,Manirupa Das \n",
    "open_time": "Spring 2019, Fall 2018, Spring 2018, Fall 2017\n",
    "average_size": 40,
    "average_sections": 1
}