{
    "title": "CSE 4252 - Programming in C++\n",
    "description": "Syntax and pragmatics of C++ programming; C++ types, arrays, classes, pointers; objects and classes; compile-time vs. run-time picture; inheritance; template classes.Prereq: 2231. Not open to students with credit for 459.22. This course is graded S/U.\n",
    "credits": 1.0,
    "attributes": "Not eligible for College Credit Plus program\n",
    "professors": "Yihang Du,Sangeeta Kumari \n",
    "open_time": "Spring 2019, Fall 2018, Spring 2018, Fall 2017\n",
    "average_size": 40,
    "average_sections": 1
}