{
    "title": "CSE 5032 - Foundations I: Discrete Structures\n",
    "description": "Propositional and first-order logic; basic proof techniques; graphs, trees; analysis of algorithms; asymptotic analysis; recurrence relations.Prereq: 5022 or equiv. Not open to students with credit for 2321, 625, or 680.\n",
    "credits": 2.0,
    "attributes": null,
    "professors": "Charles Estill,Timothy Carpenter,Michael Fritz,Paolo Bucci,Doreen Close,Diego Zaccai \n",
    "open_time": "Spring 2019, Fall 2018, Spring 2018, Fall 2017\n",
    "average_size": 40,
    "average_sections": 4
}