{
    "title": "CSE 5472 - Information Security Projects\n",
    "description": "Team-based projects: solve information security problems (mobile/static host/network hardening, intrusion detection and vulnerability scanning, forensics); results communicated through report writing and presentation. Prereq: 3901 (560) or 3902 or 3903, and 3461 or 5461 or 5471. Not open to students with credit for 652.\n",
    "credits": null,
    "attributes": null,
    "professors": "Steven Romig \n",
    "open_time": "Fall 2018, Fall 2017\n",
    "average_size": null,
    "average_sections": 1
}