{
    "title": "CSE 5242 - Advanced Database Management Systems\n",
    "description": "Transaction management; query processing and optimization; organization of database systems, advanced indexing, multi-dimensional data, similarity-based analysis, performance evaluation, new database applications.Prereq: 3241 or 5241, and 2421 or 5042. Not open to students with credit for 770.\n",
    "credits": null,
    "attributes": null,
    "professors": "Spyridon Blanas,Arnab Nandi \n",
    "open_time": "Fall 2018, Fall 2017\n",
    "average_size": null,
    "average_sections": 1
}