{
    "title": "CSE 5544 - Introduction to Data Visualization\n",
    "description": "Principles and methods for visualizing data from measurements and calculations in physical and life sciences, and transactional and social disciplines; information visualization; scientific visualization.Prereq: 5361, Stat 3301, 3541, or 5541. Not open to students with credit for 694L.\n",
    "credits": null,
    "attributes": null,
    "professors": "Han-Wei Shen \n",
    "open_time": "Spring 2019, Fall 2018, Spring 2018\n",
    "average_size": null,
    "average_sections": 1
}