{
    "title": "CSE 5912 - Capstone Design: Game Design and Development\n",
    "description": "Capstone design project; conceptual and technical design and implementation of interactive game, integrating custom code and toolkits; teamwork, written and oral communication skills.Prereq: 3541 or 5541, and 2501 or Philos 1338, and CSE 3901 or 3902 or 3903, and second writing course; or Grad standing.\n",
    "credits": null,
    "attributes": null,
    "professors": "Roger Crawfis \n",
    "open_time": "Spring 2019, Fall 2018, Spring 2018, Fall 2017\n",
    "average_size": null,
    "average_sections": 1
}