{
    "title": "CSE 5461 - Computer Networking and Internet Technologies\n",
    "description": "Computer networks, communication protocols, Internet TCP/IP and applications, wireless communications and network security.Prereq: 2451, and 2421 or ECE 2560 (265). Concur: 2431. Not open to students with credit for 3461 (677).\n",
    "credits": 2.0,
    "attributes": "Level 1 CCP course\n",
    "professors": "Kannan Srinivasan,Adam Champion,Angel Rivera,David Ogle,Morteza Hashemi \n",
    "open_time": "Spring 2019, Fall 2018, Spring 2018, Fall 2017\n",
    "average_size": 40,
    "average_sections": 4
}