{
    "title": "CSE 5479 - Intermediate Studies in Computer Security\n",
    "description": "Intermediate-level topics in computer security. Repeatable to a maximum of 12 cr hrs. Class Notes: Title: Privacy-Preserving Data Analysis: Foundations, Algorithms, Applications.Dissemination of large volumes of personal and sensitive data has become prevalent practice in this day and age. Making such data widely available for statistical analysis and machine learning can provide a broad range of benefits. However, the results of analyses of private data can lead to devastating disclosure of sensitive information. We face two seemingly conflicting goals: gaining the benefits of machine learning based on private data, and protecting the privacy of the individuals whose data is collected. How can we achieve them both? Straightforward approaches to deal with the privacy problem such as data anonymization are at best unreliable: the last decade has seen a string of attacks that recover personal information from supposedly \"anonymized\" data. The last decade has witnessed the rise of a rigorous theory to deal with this challenge. This theory is centered around a meaningful and robust mathematical definition for privacy, known as Differential Privacy. Differential privacy is a stringent constraint on the data analysis algorithm that ensures that the data of one individual does not have a significant influence on the information released by the algorithm. A powerful algorithmic framework for differential privacy has been developed over the years, and led to numerous practical and efficient algorithms with strong and provable privacy guarantees for various applications in machine learning, data mining, and statistics. Differential privacy has many desirable properties for algorithm designers and data analysts. It is also a flexible guarantee that is not specific to any particular task, which means algorithm designers can design new algorithms without privacy expertise. Due to its attractive properties, differential privacy has reigned as the gold standard of statistical data privacy. Differential privacy has recently made it to the industrial domain with several successful adoptions, notably by Google and Apple.This class will start by demonstrating the need for a rigorous privacy framework via several examples that led to high-profile privacy breaches. We will then introduce differential privacy, discuss the semantics of its guarantees, how to design algorithms that satisfy differential privacy (known as differentially private algorithms), basic properties of this notion such as closure under adaptive composition and post-processing (roughy speaking, these properties imply that a combination of differentially private algorithms remains differentially private). We next discuss popular and powerful algorithmic techniques in the literature of differential privacy, and focus on some of the best known constructions of differentially private algorithms for several important problems in machine learning and statistical data analysis. These include algorithms that have been deployed in industry such as Google?s RAPPOR protocol currently used in the Chrome web browser for private aggregation of users? statistics, and Apple?s differentially private protocols for private learning of new words, frequent emoji patterns, and other statistics from iPhone users. * Course policy: In the first (and the major) part of this course, I will discuss the key concepts and techniques as well as some applications as outlined above. The remaining lectures students may be asked to present some selected papers of their choice (selected from a pre-determined list of papers to be announced in the first week. Students are welcome to discuss with me other suggestions they may have). The course grade will based on both participation and two of the following: 1- Implementation project (based on algorithms/systems discussed in class or in the literature; or based on new ideas students may come up with). 2- Research project: students will identify an open problem (or formulate a new problem) related to privacy-preserving data analysis, and propose a method to solve such a problem. A student does not need to completely solve the problem, however, he/she would need to provide a compelling proposal for the techniques/ideas that would potentially solve the problem. A big part of the evaluation in this project will be based on the literature survey a student makes to motivate the identified problem. 3- Oral presentation for one of the selected papers to be delivered in class in the later part of the course. * Pre-requisites:- (CSE 5523 or STAT 3470 and CSE 5331) [If you haven taken one or more of these classes, and you feel confident you have the knowledge from other sources/courses, you can still enroll, but please, attend the first two weeks.] - Good mathematical background in probability, algorithms (esp. randomized algorithms), linear algebra and calculus is required.\n",
    "credits": null,
    "attributes": null,
    "professors": "Zhiqiang Lin,Raef Bassily,Yinqian Zhang \n",
    "open_time": "Fall 2018, Spring 2018, Fall 2017\n",
    "average_size": null,
    "average_sections": 1
}