{
    "title": "CSE 5543 - Geometric Modeling\n",
    "description": "Common algorithmic and mathematical techniques for modeling geometric objects in computer graphics and CAD applications; sample based modeling, mesh generation, and hierarchical representations.Prereq: Math 2568 (568) or 571. Not open to students with credit for 784.\n",
    "credits": null,
    "attributes": null,
    "professors": "Tamal Dey \n",
    "open_time": "Spring 2018\n",
    "average_size": null,
    "average_sections": 1
}