{
    "title": "CSE 5235 - Applied Enterprise Architectures and Services\n",
    "description": "Modeling/analysis of complex enterprise architectures; enterprise patterns (workflow, broker, warehousing); methods for service performance (lean, ontologies, data mining, etc.); emerging topics in semantic cyber-infrastructures, social computation.Prereq: 5911 (758 and 762), 5912 (786), 5913 (682), 5914 (731), 5915 (772), or 778.\n",
    "credits": null,
    "attributes": null,
    "professors": "Leon Madrid \n",
    "open_time": "Spring 2019, Spring 2018\n",
    "average_size": null,
    "average_sections": 1
}