{
    "title": "CSE 5541 - Computer Game and Animation Techniques\n",
    "description": "Fundamental algorithms and mathematics in the production of computer animation and video games, emphasizing the control and rendering of animated characters.Prereq: 3901 or 3902 or 3903 (560). Not open to students with credit for 3541 (683).\n",
    "credits": 2.0,
    "attributes": "Level 1 CCP course\n",
    "professors": "Matthew Boggus,Huamin Wang,Naeem Shareef \n",
    "open_time": "Spring 2019, Fall 2018, Spring 2018, Fall 2017\n",
    "average_size": 40,
    "average_sections": 2
}