{
    "title": "CSE 5525 - Foundations of Speech and Language Processing\n",
    "description": "Fundamentals of natural language processing, automatic speech recognition and speech synthesis; lab projects concentrating on building systems to process written and/or spoken language.Prereq: 3521 or 5521, and 5522, Stat 3460, or 3470. Not open to students with credit for 733.\n",
    "credits": null,
    "attributes": null,
    "professors": "John Fosler-Lussier \n",
    "open_time": "Spring 2019, Spring 2018\n",
    "average_size": null,
    "average_sections": 1
}