{
    "title": "CSE 5449 - Intermediate Studies in Parallel Computing\n",
    "description": "Intermediate-level topics in parallel computing. Repeatable to a maximum of 12 cr hrs. Class Notes: Topic: Big Data Management and Analytics in Distributed Systems. Scope of the class: foundations and advanced designs and implementations existing and next generation systems to manage large data on clusters. Pre-requisite: Undergraduate data structures, algorithms analysis and OS classes.\n",
    "credits": null,
    "attributes": null,
    "professors": "Aravind Rajam,Xiaodong Zhang \n",
    "open_time": "Fall 2018, Fall 2017\n",
    "average_size": null,
    "average_sections": 1
}