{
    "title": "CSE 5232 - Software Requirements Analysis\n",
    "description": "Information systems analysis; object-oriented analysis models and tools; use cases, system modeling using UML; requirements specification development; term project. Prereq: 3241 or 3901 or 3902 or 3903 (560) or 5241 (670). Not open to students with credit for 3232 (616).\n",
    "credits": 2.0,
    "attributes": null,
    "professors": "Thomas Bihari,Rajiv Ramnath,Khaled Jaber,Praveen Kumar \n",
    "open_time": "Spring 2019, Fall 2018, Spring 2018, Fall 2017\n",
    "average_size": 40,
    "average_sections": 2
}