{
    "title": "CSE 5433 - Operating Systems Laboratory\n",
    "description": "Introduction to the internals of operating systems; designing and implementing components within commercial operating systems: system calls, CPU scheduling, context switching, process management, memory management, file systems. Prereq: 2431 or 5431; or 660, and 2451 or 459.21. Not open to students with credit for 662.\n",
    "credits": null,
    "attributes": null,
    "professors": "Feng Qin \n",
    "open_time": "Fall 2018, Fall 2017\n",
    "average_size": null,
    "average_sections": 1
}