{
    "title": "CSE 5522 - Survey of Artificial Intelligence II: Advanced Techniques\n",
    "description": "Survey of advanced concepts, techniques, and applications of artificial intelligence, including knowledge representation, learning, natural language understanding, and vision.Prereq: 3521 (630) or 5521, or Grad standing. Not open to students with credit for 730.\n",
    "credits": null,
    "attributes": null,
    "professors": "Wei Xu,Jihun Hamm,Andrew Plummer,Alan Ritter \n",
    "open_time": "Spring 2019, Fall 2018, Spring 2018, Fall 2017\n",
    "average_size": null,
    "average_sections": 2
}