{
    "title": "CSE 5539 - Intermediate Studies in Artificial Intelligence\n",
    "description": "Intermediate-level topics in artificial intelligence. Repeatable to a maximum of 12 cr hrs. Class Notes: TITLE: Social Media & Text AnalysisNOTE: If you are taking Dr. Wei Xu's AU17 CSE5539 course, you will not get credit for taking this course since the material is too similar to receive credit twice. If you have questions, email Kitty Reeves(.92)Social media provides a massive amount of valuable information and shows us how language is actually used by lots of people. This course will give an overview of prominent research findings on language use in social media. The course will also cover several machine learning algorithms and the core natural language processing techniques for obtaining and processing Twitter data.\n",
    "credits": 2.0,
    "attributes": null,
    "professors": "Alan Ritter,Wei Xu,Mikhail Belkin \n",
    "open_time": "Spring 2018, Fall 2017\n",
    "average_size": null,
    "average_sections": 2
}