{
    "title": "CSE 5241 - Introduction to Database Systems\n",
    "description": "Database systems use; logical design; entity-relationship model; normalization; query languages and SQL; relational algebra and calculus; object relational databases; XML; active databases; database design project. Prereq: 2133 or 2231 or 2233 (314) or 321, and 2321 or Math 2366 (366). Not open to students with credit for 3241 (670).\n",
    "credits": 2.0,
    "attributes": null,
    "professors": "Lin Chiu,Leon Madrid,Jeffrey Eden,Parker Wiksell,Perumal Krishnasamy,Stephen Gomori,Richard Wagner,Arnab Nandi \n",
    "open_time": "Spring 2019, Fall 2018, Spring 2018, Fall 2017\n",
    "average_size": 40,
    "average_sections": 7
}