{
    "title": "CSE 5023 - Software II: Software Development and Design\n",
    "description": "Data representation using hashing, search trees, and linked data structures; algorithms for sorting; using trees for language processing; component interface design; best practices in Java. Prereq: 2221 or 5022. Not open to students with credit for 2231, 2231.01, 321, or 421.\n",
    "credits": 3.0,
    "attributes": null,
    "professors": "Christine Kiel,Jeremy Morris,Paolo Bucci,Swaroop Joshi,Wayne Heym,Annatala Wolf \n",
    "open_time": "Spring 2019, Fall 2018, Spring 2018, Fall 2017\n",
    "average_size": 40,
    "average_sections": 11
}