{
    "title": "CSE 5501 - Social, Ethical, and Professional Issues in Computing\n",
    "description": "Social, ethical, and professional issues facing computing professionals; ethical principles; discussion of case studies. Prereq: 1222 or 1223 or 2231 or 214 or 222 or 230, and 2321 or Math 366, and Gen Ed Writing Level 2. Not open to students with credit for 2501 (601).\n",
    "credits": 1.0,
    "attributes": null,
    "professors": "Michelle Mallon,Bryan Weaver,William Martin,Lori Rice,Jeremy Johnston \n",
    "open_time": "Spring 2019, Fall 2018, Spring 2018, Fall 2017\n",
    "average_size": 30,
    "average_sections": 7
}