{
    "title": "CSE 5542 - Real-Time Rendering\n",
    "description": "Comprehensive list of topics in real-time rendering using OpenGL and GLSL, including coordinate systems, transformations, viewing, illumination, texture mapping, and shader-based algorithms.Prereq: 3901 (560) or 3902 or 3903, and Math 2568 (568) or 571. Not open to students with credit for 781.\n",
    "credits": null,
    "attributes": null,
    "professors": "Han-Wei Shen,Roger Crawfis \n",
    "open_time": "Fall 2018, Fall 2017\n",
    "average_size": null,
    "average_sections": 1
}