{
    "title": "CSE 5559 - Intermediate Studies in Computer Graphics\n",
    "description": "Intermediate-level topics in computer graphics. Repeatable to a maximum of 12 cr hrs. Class Notes: Title: Designing and Evaluating Visualization Techniques with Deep Neural NetworksDescription: A ?visualization? is a visual representation of an object of our interest. It is visual: we consume them with our eyes and it is essential that we know how our eyes work - and, more importantly, the parts of our brains connected to our eyes. Theoretically, vision science can provide empirical basis for techniques and design practices in visualization. Recently, deep neural networks (DNN) have revolutionized computer vision and computer graphics, to inform what data features people attend to, what statistics human eyes extract, what our brains remember, and what learning from big data to retarget coloring and lighting. This course will explore and promote a research frontier in a promising partnership between visualization, vision, and DNN. This course will be project-oriented. We will focus on new methods to design and evaluate visualization techniques with DNN. We will study practical implementations, empirical studies, and scientific analyses. This course has three goals:* State-of-the-art literature review: diving into the literature in some selected vision science literature, VIS design, and DNN for visualization, computer graphics, and image processing. * deep network for visualization design. Exploring the use of deep networks to design visualization techniques (e.g., color retargeting, streamline placement, graph generation)* deep network for visualization evaluation. Methods with generative and adversarial models to automatically evaluate visualizations.Prerequisites: The prerequisites for this course are: * college-level calculus and linear algebra. * basic visualization or computer graphics or computer vision* probability and statistics* machine learning - you can handle this course without a machine learning course before. Texts:There are many excellent free textbooks and resources online. * We will frequently use the online book: Deep learning: http://www.deeplearningbook.org/ by Ian Goodfellow, Joshua Bengio, and Aaron Courville. * We will read relevant papers published at SIGGRAPH, IEEE VIS, and other conferences/journals. Grading: * class participation: 10%* Midterm (take-home): 10%* Final group project: 50%* Assignments (total 3): 30%Late days: * You have 5 free late days total. * You can use up to 2 late days per assignment. - explicitly mark the number of late days you use on an assignment if you are using late days. For example, if you turn it in by 5pm the next day, write ?1 late day.? If it is 5:01pm the next day, write ?2 late days.? * You cannot use any late days for final project.\n",
    "credits": null,
    "attributes": null,
    "professors": "Yusu Wang,Raghu Machiraju,Jian Chen,Huamin Wang \n",
    "open_time": "Spring 2019, Fall 2018, Spring 2018, Fall 2017\n",
    "average_size": null,
    "average_sections": 2
}