{
    "title": "CSE 5234 - Distributed Enterprise Computing\n",
    "description": "Current application and middleware frameworks for distributed enterprise computing; XML; Enterprise Java; SOAP and REST web services; AJAX and JSON; enterprise service bus; Hadoop; mobile computing. Prereq: 2431 or 5431 (660). Not open to students with credit for 769.\n",
    "credits": null,
    "attributes": null,
    "professors": "Praveen Kumar \n",
    "open_time": "Fall 2018, Fall 2017\n",
    "average_size": null,
    "average_sections": 1
}