{
    "title": "CSE 5526 - Introduction to Neural Networks\n",
    "description": "Survey of fundamental methods and techniques of neural networks; single- and multi-layer perceptrons; radial-basis function networks; support vector machines; recurrent networks; supervised and unsupervised learning.Prereq: 3521 or 5521. Not open to students with credit for 779.\n",
    "credits": null,
    "attributes": null,
    "professors": "Deliang Wang,Jeremy Morris \n",
    "open_time": "Spring 2019, Fall 2018, Spring 2018, Fall 2017\n",
    "average_size": null,
    "average_sections": 1
}