{
    "title": "CSE 5243 - Introduction to Data Mining\n",
    "description": "Knowledge discovery, data mining, data preprocessing, data transformations; clustering, classification, frequent pattern mining, anomaly detection, graph and network analysis; applications.Prereq: 3241 or 5241, and 2331, 5331, Stat 3301, or ISE 3200. Not open to students with credit for 674.\n",
    "credits": null,
    "attributes": null,
    "professors": "Jeffrey Jones,Huan Sun,Michael Burkhardt,Jason Hulse \n",
    "open_time": "Spring 2019, Fall 2018, Spring 2018, Fall 2017\n",
    "average_size": null,
    "average_sections": 4
}