{
    "title": "CSE 5524 - Computer Vision for Human-Computer Interaction\n",
    "description": "Computer vision algorithms for use in human-computer interactive systems; image formation, image features, segmentation, shape analysis, object tracking, motion calculation, and applications. Prereq: 2331, or Sr or Grad standing. Not open to students with credit for 634.\n",
    "credits": null,
    "attributes": null,
    "professors": "James Davis \n",
    "open_time": "Fall 2018, Fall 2017\n",
    "average_size": null,
    "average_sections": 1
}