{
    "title": "CSE 5249 - Intermediate Studies in Databases\n",
    "description": "Intermediate-level topics in databases. Repeatable to a maximum of 12 cr hrs. Class Notes: TITLE: Human-Machine Collaborative Problem Solving in Data Mining, Databases, and AIPre-reqs: CSE5243, CSE5523, or approval by the instructor.\n",
    "credits": null,
    "attributes": null,
    "professors": "Huan Sun,Spyridon Blanas \n",
    "open_time": "Spring 2019, Spring 2018, Fall 2017\n",
    "average_size": null,
    "average_sections": 1
}