{
    "title": "CSE 5469 - Intermediate Studies in Computer Networking\n",
    "description": "Intermediate-level topics in computer networking. Repeatable to a maximum of 12 cr hrs. Class Notes: TITLE: Wireless Sensor Networks and Internet of Things: From Concepts to RealizationShort title: IoT, Sensor Network, Edge ComputingKeywords: ? Mote, Wearable, Smartphone, and Drone Platforms? Programming Low Power Sensing, Computation, and Networking? Edge Computing and Cloud Computing Architecture and Tools for IoT/WSN? IoT centric Software Defined Networking (SDN) and Network Function Virtualization (NFV) ? IoT Security? Scalability of Wireless Sensor NetworksPrerequisites: ? Undergraduate networking course (CSE 3461 [formerly CIS 677] or equivalent) or consent of instructor.Description:This course will introduce you to the state of the art in wireless sensor networks (WSN) and the architectural elements of the Internet of Things (IoT), using low-power mote platforms, wearable platforms, as well as software defined radio and server platforms. You will learn how to program these platforms, and how principles of SDN and NFV are reformulated in making WSN and IoT systems flexible and scalable. In this offering of the course, you will also learn how your programs can leverage computation at edge gateways and cloudlets as well as cloud server, while understanding the associated capacity, latency, power, and security constraints.The course has a project orientation. Each student will also complete a project in this course. Projects will have a strong connection to real world translation, for example to ongoing efforts in Smart Connected Columbus. Some projects will include (shallow or deep) machine learning based apps. Some other projects will include services and tools orchestration (deployment, scheduling, and management) of apps. A list of projects will be shared in class in early February, from which students may choose, or students may propose their own (research, design, or implementation) project in consultation with the instructor. Implementation projects will be carried out on battery powered motes, Arduino, Raspberry Pi, DJI drone, wearable processor, or embedded edge server platforms. Concomitant with the course, we will host a training session in programming apps (e.g., in .NET MF for motes) that will help prepare students for the projects. Students will be expected to prepare a report and present their findings.Lectures will be accompanied by a significant amount of reading from recent literature. Each lecture itself will present one realization of a concept, which will be followed by a broader class discussion on the topic based on its reading list. Case studies from existing applications will be used. Each student is expected to study specified reading material relevant to the lecture prior to class, so that we can focus on discussion of key/advanced topics in class. Part of the course grade will therefore depend on student participation in the class discussion.\n",
    "credits": null,
    "attributes": null,
    "professors": "Anish Arora \n",
    "open_time": "Spring 2019, Spring 2018\n",
    "average_size": null,
    "average_sections": 1
}