{
    "title": "CSE 5523 - Machine Learning and Statistical Pattern Recognition\n",
    "description": "Introduction to basic concepts of machine learning and statistical pattern recognition; techniques for classification, clustering and data representation and their theoretical analysis.Prereq: 3521, 5521, or 5243, and 5522, Stat 3460, or 3470. Not open to students with credit for 735.\n",
    "credits": null,
    "attributes": null,
    "professors": "Raef Bassily,Alan Ritter,Mikhail Belkin,Jihun Hamm \n",
    "open_time": "Spring 2019, Fall 2018, Spring 2018, Fall 2017\n",
    "average_size": null,
    "average_sections": 2
}