{
    "title": "CSE 5042 - Systems I: Introduction to Low-Level Programming and Computer Organization\n",
    "description": "Introduction to computer architecture at machine and assembly language level; pointers and addressing; C programming at machine level; computer organization. Prereq: 2122, 2123, 2231 or 321; and 2321, Math 2566, or 366. Not open to students with credit for 2421 or 360.\n",
    "credits": 3.0,
    "attributes": null,
    "professors": "Gojko Babic,Janis Jones,Aaron Baxter \n",
    "open_time": "Fall 2018, Fall 2017\n",
    "average_size": 40,
    "average_sections": 5
}