{
    "title": "CSE 5521 - Survey of Artificial Intelligence I: Basic Techniques\n",
    "description": "Survey of the basic concepts and techniques in artificial Intelligence, including problem solving, knowledge representation, and machine learning.Prereq: 2331, or 222 and Math 366. Not open to students with credit for 3521 (630).\n",
    "credits": 2.0,
    "attributes": "Level 1 CCP course\n",
    "professors": "Joseph Barker,Andrew Plummer,Jeremy Morris,Adam Stiff \n",
    "open_time": "Spring 2019, Fall 2018, Spring 2018, Fall 2017\n",
    "average_size": 40,
    "average_sections": 3
}