{
    "title": "CSE 5913 - Capstone Design: Computer Animation\n",
    "description": "Capstone design project: conceptual and technical design and implementation of computer animation incorporating animation elements; teamwork, written and oral communication skills.Prereq: 2501 (601) or 5501, and 3901 (560) or 3902 or 3903, and 3541 (581) or 5541 (683). Not open to students with credit for 682.\n",
    "credits": null,
    "attributes": null,
    "professors": "Huamin Wang \n",
    "open_time": "Spring 2018\n",
    "average_size": null,
    "average_sections": 1
}