{
    "title": "CSE 5441 - Introduction to Parallel Computing\n",
    "description": "Parallel programming models; sequential and parallel performance issues; high-performance computer architecture; design, analysis, implementation and performance evaluation of parallel algorithms.Prereq: 2231, 2321 and 2451, and Math 2568 (568) or 571, and 2421 or ECE 2560 (265); or Grad standing. Not open to students with credit for 621.\n",
    "credits": null,
    "attributes": null,
    "professors": "Jeffrey Jones,Anirudh Jonnadula \n",
    "open_time": "Spring 2019, Fall 2018, Spring 2018, Fall 2017\n",
    "average_size": null,
    "average_sections": 2
}