{
    "title": "CSE 6341 - Foundations of Programming Languages\n",
    "description": "Conceptual foundations of programming languages: attribute grammars; types; functional languages; language semantics; abstract interpretation. Prereq: 3341 (655) or 5341. Not open to students with credit for 755.\n",
    "credits": 3.0,
    "attributes": null,
    "professors": "Neelam Soundarajan,Atanas Rountev \n",
    "open_time": "Spring 2019, Fall 2018, Spring 2018, Fall 2017\n",
    "average_size": 1,
    "average_sections": 1
}