{
    "title": "CSE 6461 - Computer Communication Networks\n",
    "description": "Foundational understanding of network analysis, error-control, routing, congestion-control, multi-access, and their examples in the context of the existing communication networks. Prereq: ECE 6001 (804), Stat 3470 (428), 520, or Math 530, or undergraduate course in probability. Not open to students with credit for 861, 862, ECE 6101, 861, or 862. Cross-listed in ECE 6101.\n",
    "credits": 3.0,
    "attributes": null,
    "professors": "Ness Shroff \n",
    "open_time": "Fall 2018, Fall 2017\n",
    "average_size": 50,
    "average_sections": 1
}