{
    "title": "CSE 6559 - Advanced Studies in Computer Graphics\n",
    "description": "Advanced-level topics in computer graphics. Repeatable to a maximum of 24 cr hrs or 8 completions. This course is graded S/U. Class Notes: Title: Scientific Data Management, Analysis, and VisualizationDescription: In this class, we will discuss advanced topics in scientific data management, analysis, and visualization. Selected papers from top conferences in the related areas will be studied. Students are required to present 1-2 papers and also activity participate in the discussion of the papers.\n",
    "credits": null,
    "attributes": null,
    "professors": "Jian Chen,Han-Wei Shen,Rephael Wenger \n",
    "open_time": "Spring 2019, Fall 2018, Spring 2018, Fall 2017\n",
    "average_size": 29,
    "average_sections": 3
}