{
    "title": "CSE 6331 - Algorithms\n",
    "description": "Algorithm design paradigms; mathematical analysis of algorithms. Prereq: 2331 (680) or 5331. Not open to students with credit for 780. Class Notes: NOTE: The instructor would like to change the time of this class to TR 12:45-2:05. If I an find a room, then I will change the time. At this point, the course will be closed until this can be updated. Please get on the waitlist and the adds will be done in waitlist order based on reserve cap issues (i.e. majors first).\n",
    "credits": 3.0,
    "attributes": null,
    "professors": "Ten-Hwang Lai \n",
    "open_time": "Spring 2019, Fall 2018, Spring 2018, Fall 2017\n",
    "average_size": 40,
    "average_sections": 2
}