{
    "title": "CSE 6193 - Individual Studies in Computer Science and Engineering\n",
    "description": "Designed to give the student an opportunity to pursue special studies not otherwise offered. Prereq: Permission of instructor. Repeatable to a maximum of 10 cr hrs or 10 completions. This course is graded S/U. Class Notes: Please be sure you have permission from the instructor to sign up for this course as well as for the number of credit hours.\n",
    "credits": null,
    "attributes": null,
    "professors": "Gagan Agrawal,Anish Arora,Raef Bassily,Mikhail Belkin,Spyridon Blanas,Michael Bond,Paolo Bucci,Umit Catalyurek,Jian Chen,Bryan Choi,Roger Crawfis,James Davis,Tamal Dey,John Fosler-Lussier,Kun Huang,Victor Jin \n",
    "open_time": "Spring 2019, Fall 2018, Spring 2018, Fall 2017\n",
    "average_size": 20,
    "average_sections": 50
}