{
    "title": "CSE 6441 - Parallel Computing\n",
    "description": "Principles and practice of parallel computing; design, implementation, and performance evaluation of parallel programs for shared-memory, distributed-memory and heterogeneous parallel systems. Prereq: 5441 (621). Not open to students with credit for 721.\n",
    "credits": 3.0,
    "attributes": null,
    "professors": "Anirudh Jonnadula \n",
    "open_time": "Spring 2019, Spring 2018\n",
    "average_size": null,
    "average_sections": 1
}